k_apt_id,apt_id
A13880701,8431
A13816202,8554
A13880806,8419
A13881005,8584
A13880105,8423
A13880201,8434
A13880204,8425
A13880603,8557
A13895501,8555
A13880407,8426
A13816002,8437
A13880406,8429
A10025850,8420
A10025850,8421
A10025850,8783
A13816101,8581
A13816001,8428
A13881103,8427
A13895503,8493
A13880602,8435
A15380403,5759
A15380101,5788
A15720101,4487
A15780603,4485
A15780603,4489
A15780002,4486
A15780401,4481
A15720001,4768
A15780703,4496
A15780704,4492
A15780905,4483
A15780604,4484
A15781003,4488
A15780605,4482
A15780701,4494
A15780602,4493
A12281801,2677
A12205001,2642
A12281701,2736
A12281702,2646
A12271402,2645
A13410011,9176
A13410005,9135
A13410007,9205
A13410012,9175
A13410001,9192
A13410008,9137
A13410004,9193
A13410002,9174
A13410006,9136
A13410009,9133
A13410003,9240
A13410010,9134
A15209303,5199
A15209304,5124
A15209206,5116
A15209207,5114
A15209004,5283
A15209305,5119
A15209002,5117
A15280602,5345
A15282105,5118
A15209003,5123
A15275101,5200
A15280303,5202
A15280304,5204
A15208008,5361
A15209202,5120
A15209205,5115
A15209203,5122
A15209201,5121
A13594007,7680
A13593901,7901
A13524009,7669
A13524005,7681
A13524004,7683
A13524011,7671
A13580601,7682
A13580001,7686
A13580002,7673
A13599301,7670
A13599303,7678
A10025203,7672
A10025203,8175
A13599402,7676
A10025675,7674
A10025675,8176
A13524006,7677
A13580602,7679
A13580602,7685
A13881302,8543
A13811205,8473
A13811203,8472
A13811202,8474
A13811202,8612
A13811206,8471
A13881603,8476
A13881401,8475
A10025263,9278
A13480401,8959
A13408003,8866
A13408003,9179
A10027207,9249
A13480403,8868
A15208003,5112
A15283711,5108
A15208005,5272
A15283701,5104
A15283702,5341
A15282405,5106
A15283603,5107
A15279404,5113
A15208201,5109
A15208006,5340
A15279403,5300
A15283707,5110
A15279402,5344
A15283704,5196
A15208202,5192
A15208202,5342
A15208202,5402
A15208204,5254
A15282608,5105
A15282608,5197
A15282403,5111
A15282810,5193
A15283706,5194
A15283709,5251
A15208007,5316
A12102002,3680
A12180407,3522
A12170601,3630
A12180401,3524
A12102005,3525
A12170603,3730
A12102008,3523
A12180506,3526
A10027748,3778
A13980415,2291
A13924205,2284
A13924205,2557
A13980411,2556
A13994501,2424
A13980403,2286
A13980413,2423
A13980019,2273
A13980016,2420
A13980016,2630
A13980401,2477
A13924003,2279
A13924003,2572
A13924004,2280
A13980402,2425
A13980402,2517
A13980402,2586
A13980004,2278
A13980009,2298
A13980012,2281
A13980014,2275
A13980512,2633
A13980801,2292
A13974401,2417
A13974401,2616
A13980604,2294
A13980107,2302
A13980102,2295
A10026289,2480
A13980105,2299
A13980509,2290
A13980510,2297
A13980108,2277
A13980511,2288
A13980513,2274
A13980803,2431
A13980706,2426
A13980010,2289
A13980018,2276
A13980407,2287
A15781201,4722
A14381504,830
A10024751,874
A14381513,775
A14381513,960
A14381510,781
A14375301,890
A14381506,780
A14381516,776
A14380605,827
A14380211,816
A14380211,858
A14381508,779
A14321001,818
A14381512,782
A14381415,778
A14381407,777
A14375303,889
A15285503,5339
A15284101,5144
A15284204,5097
A15205104,5166
A15283803,5075
A15284302,5171
A15284305,5328
A15283801,5240
A15283809,5088
A15205001,5090
A15285804,5079
A15205508,5232
A15283902,5091
A15286602,5391
A15285004,5083
A15286802,5187
A15286801,5226
A15205108,5094
A15286807,5142
A15286809,5078
A15205103,5248
A15286805,5087
A15286806,5096
A15284603,5080
A15288002,5092
A15205405,5086
A15205405,5631
A15288004,5084
A15205303,5231
A15205305,5143
A15284906,5099
A15283806,5085
A15283807,5102
A15205513,5093
A15286210,5095
A15205301,5236
A12282203,2684
A12282201,2649
A12282102,2845
A12205004,2648
A12205003,2682
A10025985,947
A14320304,767
A14383205,769
A14382101,768
A14320001,770
A14320302,772
A14320002,771
A10024667,856
A10026874,946
A14383901,805
A13380104,580
A10026418,735
A13309102,581
A13309101,673
A13380302,688
A13380301,694
A13379001,689
A13380602,654
A13309301,638
A13380703,582
A13380803,655
A13378102,690
A13309404,584
A10026470,752
A13309402,583
A13380901,674
A13470101,8883
A10024932,9120
A10024932,9390
A13480906,8882
A13481001,8896
A13480803,8885
A13488104,8884
A13611006,1717
A13611007,1682
A13679403,1771
A13611102,1718
A13680701,1742
A13611005,1743
A13611008,1772
A13611201,1755
A13611103,1683
A13611011,1781
A13611004,1681
A13611202,1680
A12012203,3231
A10027817,3377
A10027817,3386
A10027817,3387
A10027817,3388
A10027817,3407
A10024938,3491
A12072801,3349
A10025130,3514
A10027019,3406
A12012101,3230
A10025976,3411
A12012202,3229
A12012201,3520
A15108001,6514
A15108003,6595
A10028021,7345
A13718001,7260
A15728009,4502
A15779704,4573
A15728008,4636
A15728004,4642
A15782501,4717
A15728003,4637
A15728006,4720
A15728005,4664
A15728007,4721
A15728002,4639
A15728010,4570
A11007001,41
A12070101,3337
A12005001,3196
A12172201,3549
A15605103,6215
A15603205,6366
A15605001,6217
A15605002,6216
A15605003,6344
A12283601,2944
A10024774,2724
A12283602,2636
A12283602,2837
A12283602,3002
A12283603,2637
A10025836,3152
A10025846,3116
A10025846,3179
A13501004,7764
A13583301,7923
A13501001,7766
A13582002,7773
A13501006,7767
A13501006,8082
A13501002,7774
A13003007,1210
A13003007,1274
A10026232,1244
A13003002,1029
A13003405,1031
A13080201,1030
A10025754,1285
A13003201,1028
A13003404,1026
A13003402,1122
A13080801,1062
A13003005,1139
A13080401,1065
A13003202,1027
A13080702,1061
A10026104,1242
A13003406,1067
A13075402,1150
A13003003,1121
A15080002,6156
A15004101,6094
A15004202,5960
A15004201,5959
A15080402,5961
A15072001,6102
A15080205,5962
A15080204,5963
A15080604,5968
A15004403,5969
A15072201,6103
A15004405,5967
A15004406,5965
A15004406,6069
A15080507,5966
A10026797,6157
A15080501,5964
A15004507,5976
A15004502,6090
A15004506,5973
A15004503,5974
A15004505,6089
A15004501,5972
A10024789,6211
A15081001,5980
A15081002,5979
A15081606,6033
A15007101,6083
A15081201,6061
A10027935,6174
A15081503,6031
A10024829,6144
A15095002,6129
A15007002,6093
A15081107,6029
A15081604,6062
A15081602,6148
A15081105,6035
A15081802,6059
A15007201,6082
A15095001,6085
A15681106,6267
A10024752,6264
A15681104,6262
A15602002,6342
A15681110,6258
A15681108,6260
A15681105,6259
A15602001,6352
A15681103,6294
A12284501,2686
A10024815,7957
A13528003,7739
A13528007,7748
A13528007,8079
A13528004,7733
A13528004,7954
A13528004,8297
A13528004,8298
A13583604,7754
A13583604,7760
A13583507,7734
A13584101,7759
A10026924,8148
A10027800,8287
A13583701,7747
A10024821,7752
A13528105,7914
A13528105,8147
A13528103,7755
A13528102,7953
A13528001,7751
A13583404,7742
A13583402,7732
A13583403,7741
A10024799,7737
A13528005,7871
A12017001,3214
A12181103,3544
A12181101,3706
A12172401,3768
A12172402,3752
A13527018,7889
A13527001,7827
A13550502,7815
A13527010,7823
A10027319,8161
A13527004,7829
A13527008,7814
A13585804,7816
A13527006,7821
A13527002,7835
A13586102,8013
A13586102,8060
A13585404,7830
A13585404,8163
A13527203,7929
A13527013,7832
A13527003,7833
A13527016,7828
A13585401,7824
A13527005,7890
A13527014,7840
A13585403,7837
A13527017,7817
A13585402,7888
A15083202,5984
A15076701,5982
A15076702,6140
A15083201,5983
A13281802,2065
A13293505,2150
A13280104,2122
A13201206,2244
A13201206,2245
A13275301,2246
A13281201,2063
A13201208,2060
A13201208,2067
A13201201,2064
A13201001,2159
A13275303,2115
A13201209,2061
A13201202,2118
A13370801,661
A14007002,305
A12170401,3705
A12104005,3531
A12104005,3828
A12170402,3576
A12104007,3536
A12104007,3704
A12181406,3533
A12181406,3809
A12104001,3703
A12104001,3814
A12181404,3534
A15383601,5773
A15301105,5792
A10025116,5877
A15381402,5761
A15381303,5845
A15383604,5765
A10026626,5878
A15375810,5844
A15381706,5766
A15370301,5847
A15382301,5771
A10025946,5869
A15383307,5762
A15375809,5763
A13606107,1654
A13606201,1698
A13606201,1858
A13606101,1659
A13606004,1655
A13606004,1656
A13606004,1834
A13606002,1697
A13679903,1785
A13679902,1751
A10027227,1802
A13606003,1662
A13681303,1696
A13606102,1657
A13606102,1695
A13681304,1658
A13603701,1820
A13603401,1803
A13603501,1765
A13603702,1786
A14070901,428
A15608002,6336
A15608003,6376
A15608001,6335
A13406206,8901
A13406002,8977
A13406205,8900
A13406003,8908
A13470503,9152
A13406204,8904
A13470504,8912
A13470502,8983
A13481802,8905
A13406005,8980
A13406201,8907
A15703004,4452
A15703308,4444
A15703302,4451
A15703304,4449
A15703303,4450
A15703307,4455
A15703309,4448
A15703301,4465
A15784201,4597
A15784008,4442
A15703001,4456
A15703005,4447
A15703002,4458
A15783907,4459
A15783701,4462
A15783703,4673
A15703204,4443
A15784402,4460
A15783902,4457
A15783905,4675
A15703306,4446
A15784003,4453
A15772902,4454
A15772901,4463
A15783806,4461
A10027371,5028
A10027371,5058
A15721006,4792
A15722010,4858
A15722009,4793
A15721009,4817
A15721007,4816
A15721008,4859
A10026879,4895
A15721010,4794
A15728011,4838
A15721003,4500
A15721004,4499
A15721005,4498
A15721001,4497
A13381601,609
A13305006,568
A13381608,569
A13305002,633
A13305003,610
A13305007,567
A13381604,632
A13812002,8573
A13812004,8477
A13812003,8516
A13812001,8545
A13881701,8621
A13812005,8618
A10025672,3543
A12105001,3542
A10080701,224
A10026881,250
A10026517,269
A13123101,1443
A13123101,1446
A13123002,1544
A13123102,1440
A13123102,1505
A13176102,1488
A13123001,1442
A12182401,3595
A12182101,3665
A12123001,3560
A13183701,1402
A13120001,1463
A13120403,1405
A13183504,1353
A13183502,1400
A13188406,1417
A13183202,1408
A13183204,1464
A10025159,1616
A10028033,1550
A13184208,1396
A13184401,1416
A13120704,1352
A13184502,1397
A13183405,1395
A13120701,1537
A13181203,1404
A13183303,1469
A13181201,1355
A13181201,1468
A13175103,1356
A13184301,1354
A11052201,54
A13407104,8846
A13407104,8857
A13407104,8863
A13407202,8854
A13482505,8847
A13407201,8859
A13407002,8856
A13482706,8851
A13483002,8848
A13482801,8862
A10025415,9277
A15805109,3990
A15882006,3985
A15882008,3978
A15882103,3981
A15805114,4119
A15882107,3943
A15805502,3975
A15805504,3961
A15805501,3969
A15805301,3959
A15875103,3953
A15805115,3944
A15805115,3957
A15805101,3949
A15805102,3958
A15805003,3950
A15805503,3962
A15805105,3974
A15882104,3955
A15805002,3967
A15875101,3964
A15875102,3963
A15805302,3945
A10024823,4142
A15805404,3971
A15880204,3968
A15881702,3987
A15805202,4184
A15881601,3946
A15881701,3972
A15805203,3954
A15805303,3970
A15880905,3966
A10026023,4264
A10026023,4347
A15805403,3951
A15870101,4169
A15870101,4201
A15805111,4117
A10027708,92
A11081302,46
A10025710,149
A11081503,9
A11081503,56
A13184804,1376
A13184804,1435
A13185508,1372
A13114103,1494
A13185502,1371
A13185507,1374
A13114106,1480
A13114002,1436
A13114201,1434
A13177501,1503
A13176801,1433
A10025855,1585
A10025855,1633
A13184609,1368
A13185501,1481
A13184610,1370
A13184610,1477
A13185402,1430
A10026849,168
A15009201,5985
A15083404,6042
A15083601,6160
A15076801,6124
A15083602,6071
A15083603,6072
A15009402,5987
A15009401,6106
A15009503,5989
A15009501,6045
A10026197,6171
A15009505,6044
A15009502,5988
A15009504,5990
A15009603,5992
A15009607,5991
A15009601,5994
A15009605,6046
A15009602,5996
A15009606,5995
A14010001,402
A10027901,455
A14010003,403
A14010002,363
A13820004,8450
A13882402,8447
A13820006,8531
A13820005,8449
A13820001,8441
A13820007,8442
A13820002,8532
A13882401,8448
A13820201,8440
A14272307,1869
A14210002,1867
A14272309,1918
A14281701,1866
A14277601,1892
A14272308,1931
A14272308,1978
A14272314,1927
A14282301,1914
A14272310,1888
A14272304,1868
A14272313,1926
A14280502,1908
A14272306,1889
A10025241,1956
A10026947,1950
A14272303,1887
A14272305,1960
A13780201,7061
A13776301,7188
A10026015,7496
A10026015,7634
A13776509,6893
A13776509,7109
A13780402,6899
A13770105,6896
A13780403,6886
A10026051,6903
A10026051,7350
A13704101,6902
A13704404,6894
A10027205,6907
A10027205,7289
A10027205,7327
A13776508,6898
A13776510,6908
A13776510,7216
A13704104,7111
A13704901,7215
A13706302,7045
A13785008,6803
A13782803,7084
A13783001,7311
A10025927,7494
A10025927,7631
A13785005,6797
A10027016,7230
A13784401,6959
A13782902,6807
A13782602,6786
A13785001,6788
A13785001,6999
A13770801,6951
A13782601,7200
A13782804,6792
A13785302,6798
A13785301,6998
A13706001,7086
A13771001,7196
A13783802,6819
A13785203,6789
A13785201,6787
A13784102,7308
A13784907,6791
A13771601,7136
A13785004,6785
A13706303,6799
A13883601,8452
A13805001,8459
A13805002,8454
A13805002,8457
A13805002,8461
A13883602,8460
A13285305,2024
A10024822,2195
A13202308,2233
A13202102,2134
A13202102,2241
A13285401,2100
A13202103,2095
A13272101,2028
A13202002,2023
A13285406,2131
A13285404,2099
A13202306,2018
A13276417,2016
A13272102,2192
A13276414,2161
A13283611,2022
A13285507,2183
A13202304,2091
A13202304,2185
A13202312,2019
A13202312,2193
A13202302,2033
A13202302,2196
A13285601,2092
A13285503,2089
A13283405,2129
A13276415,2021
A13276416,2034
A13282510,2026
A15785608,4583
A15778101,4521
A15722304,4586
A15785601,4723
A15785613,4514
A15722001,4518
A15722004,4668
A15722203,4754
A15785507,4524
A15722108,4512
A15785710,4516
A15785710,4528
A15785709,4532
A15785711,4513
A15785703,4821
A15722307,4509
A15784601,4526
A15785002,4587
A15722201,4519
A15722003,4515
A15722007,4507
A15773501,4523
A15773501,4531
A15722005,4525
A15722104,4506
A15722306,4510
A15722106,4530
A15722102,4667
A15777501,4520
A15722204,4511
A14270301,1933
A14206001,1910
A14206301,1898
A14286108,1877
A14206303,1915
A14206202,1871
A14206002,1894
A14206201,1873
A14206305,1896
A14206305,1963
A14206302,1872
A14206306,1895
A14206003,1875
A14286104,1874
A14206307,1876
A14082601,337
A14082302,336
A13677401,1795
A13608301,1670
A10027189,1811
A13608601,1669
A15606007,6359
A15606005,6231
A15606001,6234
A15606003,6316
A15606004,6230
A15605102,6232
A15105005,6527
A15176602,6518
A15176202,6473
A10024638,6487
A15105303,6468
A15105603,6466
A15180701,6481
A15105002,6532
A15106901,6469
A15180705,6467
A15180705,6471
A15105006,6485
A15106001,6535
A15178202,6523
A15192201,6486
A15178201,6483
A15106103,6522
A15106101,6600
A15181602,6772
A10025423,6779
A15184101,6586
A15105008,6649
A12013002,3321
A12013202,3226
A12013202,3260
A12013001,3305
A12013003,3348
A12081602,3262
A12081703,3227
A12081703,3445
A12013101,3328
A12013201,3291
A10026370,3392
A10027851,3372
A12079501,3199
A12204004,2873
A12204001,2670
A12204002,2727
A12204102,2639
A12204003,2841
A12204006,2989
A12204006,3083
A12284701,2668
A12275201,2876
A12285703,2638
A12275202,2875
A13381701,611
A15609401,6320
A15677204,6245
A15609006,6251
A15681503,6243
A15609001,6372
A15677501,6363
A15609003,6339
A15609501,6244
A15681802,6247
A15681802,6255
A15609005,6241
A15609306,6240
A15609007,6393
A15609301,6249
A15609305,6250
A10024811,6322
A15609002,6341
A10025013,6437
A15609303,6252
A11005401,39
A14004001,297
A14076401,552
A14004002,296
A13672102,1766
A13672101,1754
A13670801,1787
A13604401,1665
A10024819,7864
A13570501,7947
A10026350,7908
A10026350,8271
A13509010,7952
A13509006,7720
A13509005,7911
A13509003,7717
A13586602,7713
A13509101,7725
A13509009,7863
A13587603,7726
A13509007,7712
A13509001,7721
A13509004,7718
A13509012,7948
A13550701,7711
A13920202,2353
A13920207,2364
A13920205,2503
A13982103,2438
A13982101,2444
A13921003,2548
A13920209,2354
A13921005,2324
A13920804,2329
A13920804,2371
A13982701,2495
A13920707,2316
A13974101,2518
A13974102,2519
A13981402,2330
A13981208,2327
A13980903,2538
A13971501,2334
A13971501,2443
A13971501,2489
A13989701,2370
A13981405,2344
A13981006,2366
A13920706,2541
A13971502,2358
A13983105,2436
A13983105,2506
A13983004,2347
A13983004,2369
A13920703,2341
A13994302,2368
A13982702,2448
A13982301,2337
A13920803,2328
A13981903,2321
A13981903,2504
A13920001,2496
A13920104,2500
A13983608,2360
A13983608,2490
A10024778,2497
A13983709,2323
A13983707,2336
A13983707,2367
A13983707,2609
A13983803,2340
A13983713,2365
A13920105,2349
A13920102,2317
A13983801,2491
A13983815,2332
A13983816,2348
A13920106,2488
A13983810,2351
A13983811,2322
A13981407,2338
A13982704,2501
A13981606,2343
A13981604,2437
A13981608,2440
A10025133,2608
A13983712,2335
A10024770,2492
A13920506,2342
A13981304,2345
A13982002,2363
A13920501,2539
A13982604,2362
A13982005,2352
A13982005,2507
A13982003,2355
A13982202,2319
A13981901,2325
A15603204,6226
A15603003,6223
A10025768,6414
A15678101,6220
A15683901,6218
A10027614,6398
A15671801,6350
A10027633,6390
A15603002,6310
A15683402,6279
A15678103,6367
A15603008,6374
A15603001,6348
A15678102,6283
A15603006,6222
A15603502,6221
A15683601,6224
A10024777,6347
A15603401,6229
A15603009,6383
A15603203,6306
A15603206,6304
A13170401,1360
A13122002,1553
A13186305,1363
A13185603,1426
A10027670,1566
A13185602,1420
A13122104,1362
A13122104,1364
A13122001,1425
A13186401,1419
A12182901,3555
A12170702,3753
A10028177,3769
A12127006,3627
A12127001,3573
A12127002,3718
A12127005,3677
A12179501,3700
A12179502,3790
A12127004,3626
A12127004,3802
A12179504,3720
A12179503,3717
A12179505,3719
A12179508,3721
A13373301,695
A13612002,1729
A13612001,1730
A10025010,9279
A10026403,8879
A10026403,9280
A10025104,9358
A13483803,8875
A10025112,9380
A10025112,9392
A13409001,8880
A13472701,9141
A12174601,3733
A12184201,3590
A14024001,334
A14024002,335
A13775102,6948
A13788201,7223
A13786803,7277
A13786704,7154
A13786704,7259
A13786704,7335
A13786704,7513
A13786704,7555
A13770607,6992
A13786901,7075
A13770608,6994
A13770610,7119
A13775101,6924
A13775101,7254
A13788003,7125
A13772801,6932
A13707002,6915
A13785607,7069
A13785607,7190
A10026941,7338
A13707009,6922
A13707009,7127
A13785604,6940
A13787105,6913
A13707003,6989
A13788208,6921
A13785705,6928
A13770609,7116
A13788206,7074
A13792001,6910
A13707006,6982
A13707016,7178
A13788203,6927
A13707010,6949
A13787102,7028
A13770611,6930
A13786601,7194
A13788002,6918
A13788002,7222
A13792306,7033
A13707203,7029
A10025283,1826
A13615002,1692
A13681701,1691
A13676103,1791
A13676101,1777
A13615003,1690
A13819001,8416
A10027881,8682
A13484004,9002
A13484102,8932
A13484201,9012
A13484003,8931
A13403002,8922
A13484501,9022
A13403001,8929
A13403101,8923
A12171101,3747
A12125001,3729
A12185004,3567
A12125202,3564
A13382104,644
A13376405,738
A13381902,601
A13311101,667
A13384301,666
A13372101,626
A13384303,682
A13372102,623
A13384304,645
A13382502,598
A10026988,724
A13392307,596
A13382106,597
A13382106,599
A13383003,603
A13312101,679
A13312303,669
A13382802,628
A13383301,604
A13378001,678
A13312302,602
A13519006,8104
A13519007,8122
A13519002,8040
A13519001,8158
A13519003,8041
A13519005,8020
A13316001,685
A13383702,606
A13885102,8404
A13885304,8405
A13817202,8553
A13817101,8552
A13885303,8411
A13877501,8402
A13817001,8625
A13885301,8407
A13885306,8406
A12275501,2942
A12287202,2667
A12287204,2666
A12209001,2835
A13522007,7810
A13522004,7811
A13552002,8084
A13588601,7812
A13522006,7809
A13588402,7926
A13522003,7813
A14207203,1878
A14207203,1883
A14278101,1880
A14207202,1882
A10024756,191
A11087602,50
A11055002,55
A11087601,44
A10026792,5838
A15384101,5835
A15303502,5815
A15303003,5808
A15303203,5775
A15303002,5776
A15303205,5778
A15384603,5777
A15378501,5819
A15303401,5841
A15383702,5785
A15370103,5807
A15370103,5859
A15386506,5782
A15303103,5783
A15386404,5781
A15383905,5779
A15303102,5813
A15384501,5809
A14009001,414
A12179005,3739
A12103002,3528
A12185304,3529
A12103006,3632
A12179004,3731
A12179001,3702
A12185303,3527
A10025562,6205
A10027755,6143
A15005002,6128
A15085404,6017
A15096001,6118
A15005402,6014
A15086004,6024
A15086007,6020
A15005302,6019
A15005301,6023
A15005303,6015
A15085805,6026
A15005501,6092
A10025024,6190
A15005102,6108
A10027073,6163
A10027073,6173
A10027073,6206
A15086006,6018
A10025070,6191
A15005705,6016
A15005603,6013
A15005602,6022
A15083701,6058
A15086001,6025
A15083703,6010
A15005001,6114
A13187302,1455
A13187302,1559
A13113003,1391
A13113006,1507
A10027297,1456
A13186907,1462
A13186502,1490
A13186801,1461
A13113004,1457
A13187305,1385
A13186708,1383
A13113001,1459
A13187201,1387
A13187201,1390
A13187203,1386
A13187203,1614
A13176901,1384
A13187004,1458
A13113007,1571
A13113008,1572
A13113002,1450
A13186503,1452
A13186504,1497
A13186905,1393
A13187406,1392
A13178101,1508
A10025372,289
A10045302,157
A10045601,160
A10045001,159
A10078102,175
A10045404,161
A13302201,221
A10045403,162
A10045002,216
A10078901,210
A15183001,6343
A15601002,6354
A15672002,6272
A15672001,6355
A15601003,6365
A15670001,6300
A10024733,6302
A15601103,6301
A10025504,6410
A15601202,6273
A15601102,6268
A15601104,6275
A15685503,6276
A15685206,6269
A15601201,6271
A15601105,6270
A15685201,6303
A15288808,5139
A15288809,5067
A15288812,5063
A15277302,5331
A15288802,5074
A15288806,5071
A15288814,5064
A15288814,5068
A15288803,5065
A15288801,5070
A15288804,5073
A15288805,5140
A15288807,5223
A15288810,5062
A15288813,5069
A15101501,6538
A15187101,6506
A15179701,6504
A15101504,6604
A15101503,6580
A15190705,6502
A15185201,6545
A15101901,6511
A15185704,6548
A15177101,6510
A15102202,6591
A15188801,6503
A15102203,6509
A15101508,6494
A10024749,6542
A15101903,6493
A15102902,6501
A15101101,6541
A10026910,6592
A15101802,6550
A15190301,6573
A10024634,6546
A15101506,6496
A15176701,6497
A15101505,6606
A10024621,6607
A10025659,3128
A12208105,2660
A12208102,2715
A12208103,2759
A12208001,2714
A12208104,2657
A12208101,2896
A10024814,7918
A12208002,2708
A12289401,2658
A12208204,2659
A12289402,2716
A12208205,2661
A12208203,2707
A10024974,3892
A12185602,3584
A12171201,3685
A12185504,3639
A12111001,3642
A12185605,3583
A12185603,3640
A13716001,7261
A13716002,7301
A10028105,7346
A10028046,7302
A13716003,7280
A15878601,4256
A15883101,4070
A10024872,4352
A15809601,4128
A15809403,4054
A15809201,4175
A15883401,4192
A15884703,3994
A15809001,4038
A15809603,4001
A15883803,3995
A15809401,4069
A15883202,4172
A15809502,4130
A15882201,4157
A15883201,4102
A15884202,4160
A15883402,4221
A15883702,4007
A15809702,3993
A15807701,4085
A15873902,4200
A15807703,3925
A10025729,4262
A10025729,4398
A15807702,3934
A15807705,3909
A15807605,3908
A15807001,3930
A15807606,3907
A15807601,3927
A15807210,3924
A15807603,3912
A15807706,3902
A15807604,3906
A15807101,3901
A15873701,3903
A15807205,4026
A15807204,3937
A15885307,3922
A15807202,3921
A15885303,3919
A15807208,3915
A15884901,3940
A15885306,3936
A15807315,3916
A15807315,3920
A15886507,3932
A15807306,4023
A15886512,3917
A15885514,4017
A15886501,4135
A15807316,3913
A15807311,4116
A15807002,3911
A15886504,3914
A15886505,3931
A15886508,3918
A15807003,4250
A15879502,4181
A15807004,4182
A15870701,4219
A15809002,4196
A15886402,4077
A12114001,3556
A14006001,343
A13872502,8387
A13824002,8636
A13824003,8385
A13872503,8653
A13824005,8383
A13824005,8479
A13824001,8623
A13872504,8521
A13824006,8550
A13295201,2087
A13203102,2004
A13203202,2080
A13286203,2014
A13203001,2001
A13286107,2000
A13286002,2013
A13203401,2149
A13203303,2178
A13203302,2071
A13287503,2243
A13203002,2171
A13287801,2011
A13286304,1999
A13203408,2003
A13286110,2008
A13286110,2009
A13286110,2015
A13203403,2006
A13286109,2012
A13286106,2068
A13286105,2076
A13286904,2075
A12175203,3750
A12175203,3761
A12175203,3762
A12175203,3763
A10027090,3792
A10027906,3777
A10027906,3791
A12101001,3574
A13607301,1668
A13607302,1667
A13405003,9064
A13485302,9100
A13485301,8917
A13405201,8914
A13405002,8984
A13485401,8915
A13471501,8918
A10025174,9286
A10025174,9402
A13511003,7783
A13511001,7961
A13511004,7781
A13511004,7784
A13511004,7790
A13511101,7963
A13589802,7787
A13589802,7795
A13511201,7792
A13590204,7789
A13590204,7796
A13590602,7777
A13789002,7007
A13789203,6829
A13789201,6832
A15086201,5999
A15086202,5997
A15010203,6001
A15010201,6050
A15010202,6000
A15010305,6005
A15010304,6004
A15010307,6002
A15010302,6003
A15010301,6075
A15010306,6006
A15010303,6052
A15086702,6095
A15086603,6007
A15086601,6054
A15010501,6096
A15010502,6008
A15010602,6055
A15010601,6009
A15089421,5953
A15089510,5942
A15089513,5956
A15089411,5946
A15088918,5951
A15088802,5957
A15001009,5941
A15001016,5950
A15001020,5954
A15001020,6155
A15001004,5945
A15088915,5948
A15001001,6038
A15001003,5952
A15088208,6067
A15001019,5944
A15001019,5955
A15001012,5947
A15076301,6101
A15001005,5940
A15076302,6100
A15089307,6122
A15088717,5943
A15088614,5949
A13508003,7852
A13508001,7854
A10024813,7896
A13508005,7655
A13579505,7970
A13508011,8025
A13579503,7988
A13591402,8068
A13508004,7660
A13592706,7645
A13592605,7650
A13592604,7653
A13592002,7844
A13508002,7647
A13579504,7847
A10024820,8125
A13592601,7933
A13508009,7849
A13508006,7899
A13579501,7937
A13579506,7651
A13579506,8024
A77777777,8207
A13508010,7966
A13508012,7967
A13508012,8134
A12289501,2849
A12186901,3562
A12186901,3563
A12071102,3218
A12071103,3280
A12071101,3217
A12011002,3216
A12071104,3363
A10025822,3500
A12109001,3548
A12187403,3547
A10026036,3891
A10026036,3900
A15786314,4423
A15704006,4428
A15704001,4755
A15704015,4653
A15786312,4425
A15786222,4438
A15786424,4435
A15786408,4430
A15786116,4421
A10027541,4776
A15786118,4420
A15704025,4590
A15776001,4697
A15704009,4418
A15786321,4441
A15704007,4652
A15786420,4419
A15786405,4427
A15785919,4434
A15786111,4432
A15704028,4424
A15704017,4436
A15704002,4537
A15704003,4748
A15786227,4426
A15786104,4429
A15786510,4437
A15704023,4422
A15786426,4431
A15776004,4440
A15786213,4433
A10026816,6154
A15003701,5937
A15003801,5939
A15003802,5938
A15003002,5934
A15003001,5935
A10026311,6064
A12007001,3197
A12007001,3266
A13813005,8610
A10026249,8834
A13813003,8466
A10025657,8720
A13813007,8464
A13813002,8468
A13813006,8470
A13873701,8540
A13813010,8469
A13813004,8592
A13813004,8704
A13886009,8463
A13813008,8467
A15210101,5136
A15210104,5214
A15210103,5138
A15210105,5215
A15210212,5206
A15210210,5131
A15210102,5303
A15210107,5135
A15210106,5207
A15210206,5134
A15210207,5302
A15210209,5212
A15210211,5132
A13375901,586
A13384403,585
A13384403,592
A13384403,761
A13310004,588
A13375902,591
A13376702,589
A13375906,681
A13375903,593
A13375907,691
A10026748,722
A10026748,723
A10026748,762
A13383801,656
A15279101,5306
A12187602,3539
A12187501,3779
A10028006,3795
A13007004,1017
A13007001,1130
A13070301,1148
A13007002,1131
A10028080,1198
A14083101,411
A14002501,394
A13790002,6838
A13790003,6837
A13790004,6835
A13778211,7241
A13778209,7632
A13778204,7271
A13778203,7212
A13778207,7238
A13778205,7239
A13778201,7174
A14209001,1886
A14287102,1885
A14070302,449
A14085101,300
A14085002,299
A13987502,2272
A13987501,2266
A13984604,2265
A13984603,2270
A13905102,2413
A13984005,2257
A13984005,2259
A13984003,2410
A13905301,2407
A13984004,2263
A13905302,2261
A10027121,2588
A10024636,2412
A13987503,2256
A13987503,2408
A13905101,2526
A13905105,2267
A13905208,2269
A13905202,2271
A13985105,2264
A13985107,2258
A13991018,2404
A13991016,2411
A13984411,2260
A13984814,2262
A13985103,2403
A10024812,2467
A13905003,2406
A10027912,8159
A13376906,578
A13385301,636
A13385301,720
A13385303,579
A13308004,576
A13385202,577
A13308005,652
A13308005,719
A12293002,2744
A12201301,2748
A12201101,2651
A12201103,2784
A12201005,2921
A12201003,2884
A12290901,2910
A10026834,3012
A12201002,2882
A12201001,2746
A10025683,3165
A10024947,3181
A10025310,3168
A12201102,2654
A13008001,1129
A13082502,1093
A13083102,1054
A13076801,1119
A13076801,1319
A13082501,1092
A13082703,1055
A13079402,1339
A13082702,1120
A13082704,1091
A13082805,1053
A14003006,328
A14003004,325
A14003105,310
A14003105,327
A14003001,382
A14072701,316
A14003008,318
A14003003,487
A14090902,312
A14072901,324
A14003103,326
A14003103,380
A14003101,317
A14085501,350
A14003007,309
A14003106,308
A14072702,323
A14003002,320
A14003104,311
A14086101,407
A14086101,444
A14086001,330
A11034001,12
A11041001,14
A10028201,155
A13594403,7797
A10027571,7808
A13594402,7806
A10025823,8172
A13594702,7801
A13594701,7799
A13523005,7798
A13593801,7804
A13523004,7800
A13523003,7802
A13520001,8105
A13520003,8123
A10028172,8350
A13520002,8106
A13520004,8351
A14387605,908
A14319306,848
A14319005,799
A14319010,802
A14319002,849
A14377402,875
A14388204,839
A14319302,835
A14319008,819
A14319307,790
A14319303,832
A14319305,909
A14319006,793
A14386110,803
A14319007,787
A14386802,800
A14319009,840
A14319203,788
A14319011,792
A14319011,935
A14376501,798
A14319003,841
A14386109,791
A14319204,796
A14319012,837
A10026720,937
A14319311,801
A14319201,785
A14319001,786
A14388208,821
A14319301,795
A13822902,8374
A13886701,8378
A13886701,8674
A13879102,8373
A13822003,8548
A13822301,8379
A13822701,8376
A13822702,8375
A13822004,8547
A13822002,8518
A13790730,6848
A13790929,6839
A13703027,6840
A13790706,7056
A13790713,6855
A13790701,6863
A13790604,7017
A10026227,7489
A10026227,7594
A13790707,6854
A13703019,6858
A13703011,6874
A10025418,7611
A10025418,7633
A13790703,6871
A13790722,6867
A13790717,6847
A13790714,6844
A13790714,6877
A13790726,6883
A13790612,6853
A13790620,6850
A13790828,6869
A13790902,6870
A13790902,7600
A13790910,6881
A13790708,6878
A10026004,7495
A13779431,6875
A13790721,6859
A13790709,6865
A13790716,6864
A13010006,1041
A13010005,1104
A13010004,1096
A13010002,1032
A13084101,1040
A13010001,1033
A13010003,1039
A13078701,1152
A10026571,1813
A13614001,1776
A10025461,1861
A13614302,1750
A10025245,1824
A10024702,1798
A10025259,1825
A10025259,1862
A13821001,8631
A13876112,8632
A13821007,8535
A13821005,8534
A13821002,8560
A13876114,8667
A10027744,8659
A13876113,8668
A10027461,8717
A10028086,8691
A13876109,8562
A13876110,8561
A13876111,8606
A13821004,8566
A13821003,8564
A13821006,8563
A13876108,8565
A10026180,1241
A13084804,1023
A13071302,1199
A13085901,1022
A13085902,1025
A13002002,1166
A13085301,1021
A13610005,1760
A13610004,1716
A13610202,1678
A13676702,1673
A13684701,1709
A13677807,1761
A13610001,1676
A13677206,1675
A13676504,1672
A13610003,1740
A13676501,1714
A13677101,1770
A13676605,1708
A13684605,1679
A13676703,1703
A13610007,1677
A10028000,1812
A13685104,1707
A13610201,1767
A13610301,1702
A13684306,1710
A13610103,1704
A13610107,1671
A13610102,1762
A13006101,1018
A13086101,1059
A13006003,1058
A13006001,1020
A13006002,1019
A13671207,1685
A13609001,1790
A13671206,1687
A13671208,1773
A13671205,1686
A13671209,1782
A13671213,1789
A13686302,1684
A13671203,1763
A13671204,1688
A13986009,2391
A13986004,2394
A13986013,2393
A13972601,2399
A13972601,2581
A13922102,2375
A13986201,2457
A13922108,2385
A13986606,2390
A13922110,2381
A13922406,2380
A13922103,2402
A13985907,2386
A13922003,2549
A13985605,2401
A13985605,2525
A13985605,2591
A13922001,2459
A13986701,2464
A13986703,2453
A13986306,2392
A13986504,2553
A13986302,2372
A13986302,2383
A13986302,2398
A13922904,2395
A13922908,2396
A13993001,2373
A13986111,2384
A13986111,2509
A13986111,2524
A13922907,2452
A13922114,2377
A13986012,2379
A13993002,2513
A13922901,2387
A13985406,2378
A13922905,2510
A13985402,2397
A13985909,2389
A13985904,2388
A13986702,2461
A13922111,2454
A13922903,2466
A13922909,2456
A13922910,2455
A14322001,806
A12187904,3676
A12187902,3625
A12187703,3571
A12187905,3623
A12187901,3801
A12187901,3880
A12187906,3698
A10085903,165
A10026046,1473
A13187702,1365
A13187702,1472
A13187501,1367
A10024581,2770
A12294102,2718
A41279926,2867
A41279924,2866
A41279929,2861
A41279932,2941
A41279925,2869
A41279922,2865
A41279923,2863
A41279910,2806
A41279911,2807
A41279911,3170
A41279910,3177
A41279909,2795
A41279913,2834
A41279915,2833
A41279917,2832
A41279918,2868
A41279914,2831
A41279916,2829
A41279912,2830
A41279927,2862
A12220004,2800
A41279920,2870
A41279903,2802
A41279904,2798
A12220005,2804
A12220003,2796
A41279908,2805
A41279906,2797
A12220002,2799
A41279901,2803
A41279907,3001
A41279905,2801
A12220001,2808
A41279902,2794
A10025765,3167
A10025765,3186
A10026414,3023
A10026414,3163
A13204505,2110
A13204001,2054
A13204506,2059
A13204103,2040
A13204402,2052
A13204409,2053
A13290003,2111
A13290105,2148
A13290105,2212
A13290107,2107
A13204104,2041
A13272201,2046
A13204003,2056
A13204302,2055
A13204204,2042
A13204408,2050
A13292002,2104
A13204205,2043
A13292501,2141
A13290404,2136
A13204502,2146
A13204404,2035
A13204404,2143
A13204510,2109
A13204002,2058
A13204501,2048
A13292701,2137
A13204406,2037
A13204201,2049
A13275001,2057
A13204203,2101
A13204301,2045
A13290809,2036
A13204507,2044
A13204508,2038
A13204503,2105
A10026109,2108
A13204105,2039
A11077101,5
A11054301,4
A11054101,19
A12119006,3644
A12188202,3587
A12119007,3552
A12188201,3554
A12188205,3553
A12177801,3646
A12119004,3645
A12004001,3264
A15210001,5351
A15213007,5377
A15213002,5322
A13475001,8951
A13486504,8944
A13402103,8933
A13486705,8934
A13486601,8949
A13486701,9036
A13486703,9033
A13472201,9090
A13402305,8938
A13402004,9169
A13486102,8940
A13402003,9164
A13402001,9031
A13402202,8942
A13402204,9084
A13487103,9165
A13486401,8950
A13402002,8935
A10026852,9264
A10026852,9395
A10027948,9254
A13487102,9083
A13510102,7705
A13510002,7861
A13576201,7945
A13510003,7704
A13510103,7694
A13510001,7703
A13510202,7691
A13510007,8050
A13510009,7702
A13510009,8071
A10025280,7699
A10025280,8070
A13510203,7701
A13510005,7906
A13510104,7707
A13510006,7693
A13510201,7700
A13086705,1083
A13086701,1137
A13086704,1043
A13086802,1042
A14005001,400
A10086301,209
A10071301,218
A12070201,3232
A12106001,3780
A10027105,89
A11084601,24
A11001203,26
A11001203,91
A13804001,8551
A13804002,8389
A13804004,8388
A13887405,8397
A13804206,8390
A13887702,8398
A13887403,8394
A13887901,8485
A10025632,8575
A13887302,8391
A13887301,8400
A13804003,8395
A13993503,2559
A13923103,2560
A13923103,2576
A13923102,2434
A13923108,2309
A13923104,2314
A13923106,2315
A13993501,2535
A13987305,2304
A13987304,2305
A13987306,2306
A13987306,2307
A13987306,2310
A13987303,2313
A13987303,2433
A13993502,2486
A13993502,2575
A13987205,2432
A10026900,728
A13302204,561
A13302203,565
A13302206,566
A10027920,700
A13302001,563
A13302001,714
A13385802,562
A13385802,747
A13385705,607
A13385705,715
A13613012,1794
A13613004,1775
A13613009,1774
A13613005,1727
A13613008,1689
A13613007,1724
A13613006,1746
A13613011,1784
A13613001,1726
A13613201,1725
A12115001,3741
A14075201,422
A14001101,430
A14001201,392
A10026759,469
A10026922,468
A14088201,366
A14001303,377
A14074501,423
A14077902,431
A14077901,354
A14021001,332
A12003001,3297
A12003001,3371
A10027902,3853
A10027301,3798
A10024927,5695
A15271601,5221
A10025115,5553
A10025387,5709
A10025387,5732
A10025193,5554
A10025614,5717
A10025302,5552
A10024849,5719
A13307001,687
A13307001,718
A13386702,574
A13307002,693
A10026207,734
A13307202,575
A13307003,697
A13307101,614
A13307204,572
A13377703,573
A13377901,680
A13377901,764
A13307201,615
A12112002,3551
A12008003,3198
A12008001,3237
A12071001,3223
A12010103,3256
A12010104,3221
A12084504,3385
A12071003,3220
A12010101,3224
A10026604,3413
A12071002,3319
A12010203,3219
A12010202,3285
A12084302,3225
A12010001,3376
A10027681,3396
A12009201,3202
A12009305,3207
A12009304,3206
A12086001,3243
A12009303,3239
A12009302,3213
A12085303,3203
A10024620,3270
A12009202,3211
A12078706,3205
A12009203,3209
A12078704,3204
A12078705,3208
A10025767,3459
A12009102,3210
A12009101,3240
A10027118,99
A15788203,4474
A15701003,4611
A15770801,4471
A15770801,4617
A15791001,4475
A15701602,4477
A15770101,4553
A15701004,4478
A15701601,4786
A15701002,4543
A15701007,4808
A15788302,4547
A15788901,4473
A15792602,4467
A15770102,4848
A10025404,950
A14313001,804
A10024801,206
A10044002,194
A10086801,231
A13087201,1045
A13070101,1207
A10088102,207
A10088101,214
A10072501,208
A10027162,84
A10027162,151
A14074101,436
A10025898,547
A10025533,548
A14019001,294
A14019001,539
A13087401,1051
A13077702,1052
A13009001,1047
A13009003,1195
A13077703,1090
A13078301,1194
A13009101,1049
A13009202,1050
A13087405,1087
A13009002,1046
A13087407,1086
A13009206,1117
A10025410,1254
A10025867,6455
A15679106,6362
A15607001,6236
A15679103,6238
A15679109,6371
A15679105,6235
A15685702,6237
A10025770,6454
A15679107,6361
A15679108,6370
A10095502,230
A10095501,222
